{"w": [[-0.11111111111111116, 0.11111111111111116]], "b": [-0.0]}